Astra,Astra Militarum Cadian Infantry Squad,1 507 руб.,В наличии,https://goodork.ru/products/astra-militarum-cadian-infantry-squad
Astra,Astra Militarum Sentinel,1 553 руб.,В наличии,https://goodork.ru/products/astra-militarum-sentinel
Astra,Astra Militarum Sentinel,1 674 руб.,В наличии,https://goodork.ru/products/47-12
Astra,Astra Militarum Cadian Command Squad,1 674 руб.,В наличии,https://goodork.ru/products/47-09
Astra,"Warhammer 40,000. Кодекс: Астра Милитарум",1 700 руб.,В наличии,https://goodork.ru/products/warhammer-40-000-kodeks-astra-militarum
Astra,Cadian Heavy Weapon Squad,2 009 руб.,В наличии,https://goodork.ru/products/cadian-heavy-weapon-squad
Astra,Astra Militarum Chimera,2 092 руб.,В наличии,https://goodork.ru/products/47-07
Astra,Astra Militarum Leman Russ Battle Tank,2 716 руб.,В наличии,https://goodork.ru/products/astra-militarum-leman-russ-battle-tank
Astra,Easy To Build Astra Militarum Cadians,502 руб.,Нет в наличии,https://goodork.ru/products/35-33
Astra,Datacards: Astra Militarum (english),837 руб.,Нет в наличии,https://goodork.ru/products/datacards-astra-militarum
Astra,Primaris Psyker,997 руб.,Нет в наличии,https://goodork.ru/products/99060105260
Astra,Wyrdvane Psykers,997 руб.,Нет в наличии,https://goodork.ru/products/99060105173
Astra,Officio Prefectus Commissar,1 255 руб.,Нет в наличии,https://goodork.ru/products/47-20
Astra,Cadian Command Squad,1 302 руб.,Нет в наличии,https://goodork.ru/products/cadian-command-squad
Astra,Astra Militarum Cadian Infantry Squad,1 674 руб.,Нет в наличии,https://goodork.ru/products/47-17
Astra,Ratlings,1 672 руб.,Нет в наличии,https://goodork.ru/products/99060105262
Astra,Militarum Tempestus Scions,1 888 руб.,Нет в наличии,https://goodork.ru/products/47-15
Astra,Astra Militarum Cadian Heavy Weapon Squad,2 092 руб.,Нет в наличии,https://goodork.ru/products/47-19
Astra,Codex: Astra Militarum (hb) (english),2 492 руб.,Нет в наличии,https://goodork.ru/products/codex-astra-militarum
Astra,Astra Militarum Leman Russ Demolisher,2 595 руб.,Нет в наличии,https://goodork.ru/products/47-11
Astra,Militarum Auxilla Bullgryns,2 716 руб.,Нет в наличии,https://goodork.ru/products/47-14
Astra,Astra Militarum Leman Russ Demolisher,2 716 руб.,Нет в наличии,https://goodork.ru/products/astra-militarum-leman-russ-demolisher
Astra,Astra Militarum Hydra,2 929 руб.,Нет в наличии,https://goodork.ru/products/47-21
Astra,Astra Militarum Valkyrie,3 766 руб.,Нет в наличии,https://goodork.ru/products/47-10
Astra,Manticore,3 667 руб.,Нет в наличии,https://goodork.ru/products/47-13
Astra,Basilisk,3 667 руб.,Нет в наличии,https://goodork.ru/products/99120105047
Astra,Start Collecting! Astra Militarum,4 603 руб.,Нет в наличии,https://goodork.ru/products/st7
Astra,Start Collecting! Militarum Tempestus,5 022 руб.,Нет в наличии,https://goodork.ru/products/start-collecting-militarum-tempestus
Astra,Warhammer Quest: Blackstone Fortress (eng),7 951 руб.,Нет в наличии,https://goodork.ru/products/blackstone-fortress
Astra,Astra Militarum Spearhead Detachment,8 370 руб.,Нет в наличии,https://goodork.ru/products/astra-militarum-spearhead-detachment
